读者ID,姓名,联系方式,学院
1,user1,4430,艺术学院
2,user2,55457,艺术学院
3,user3,35078,电子科学与工程学院
4,user4,53314,人文学院
5,user5,7234,法学院
6,user6,86253,法学院
7,user7,50429,法学院
8,user8,25169,外国语学院
9,user9,81260,数学学院
10,user10,9463,数学学院
11,user11,16179,经济管理学院
12,user12,32491,经济管理学院
13,user13,82738,人文学院
14,user14,8465,人文学院
15,user15,7371,人文学院
16,user16,41333,土木工程学院
17,user17,99137,经济管理学院
18,user18,8298,土木工程学院
19,user19,39890,人文学院
20,user20,81645,人文学院
21,user21,89880,土木工程学院
22,user22,4892,电子科学与工程学院
23,user23,6347,电子科学与工程学院
24,user24,98144,数学学院
25,user25,94707,经济管理学院
26,user26,88357,法学院
27,user27,54777,经济管理学院
28,user28,23901,经济管理学院
29,user29,27368,人文学院
30,user30,39651,人文学院
31,user31,21933,人文学院
32,user32,61537,人文学院
33,user33,50366,信息科学与工程学院
34,user34,2007,电气工程学院
35,user35,71353,化学化工学院
36,user36,99236,土木工程学院
37,user37,30808,数学学院
38,user38,15712,数学学院
39,user39,75663,信息科学与工程学院
40,user40,40945,电子科学与工程学院
41,user41,96464,经济管理学院
42,user42,96617,人文学院
43,user43,52553,数学学院
44,user44,1284,机械工程学院
45,user45,10942,土木工程学院
46,user46,60243,经济管理学院
47,user47,22206,电子科学与工程学院
48,user48,36754,电子科学与工程学院
49,user49,45071,信息科学与工程学院
50,user50,92982,物理学院
51,user51,95048,能源与环境学院
52,user52,19013,经济管理学院
53,user53,60626,机械工程学院
54,user54,7136,机械工程学院
55,user55,72816,机械工程学院
56,user56,57904,人文学院
57,user57,65023,土木工程学院
58,user58,28454,经济管理学院
59,user59,35005,能源与环境学院
60,user60,18748,信息科学与工程学院
61,user61,26665,经济管理学院
62,user62,66387,人文学院
63,user63,4686,经济管理学院
64,user64,65320,人文学院
65,user65,32646,经济管理学院
66,user66,16033,自动化学院
67,user67,5657,信息科学与工程学院
68,user68,6013,数学学院
69,user69,71455,电子科学与工程学院
70,user70,38333,数学学院
71,user71,10757,人文学院
72,user72,29338,人文学院
73,user73,25891,人文学院
74,user74,67166,信息科学与工程学院
75,user75,71774,能源与环境学院
76,user76,87030,自动化学院
77,user77,36519,计算机科学与工程学院
78,user78,94945,经济管理学院
79,user79,83268,能源与环境学院
80,user80,76727,土木工程学院
81,user81,30611,经济管理学院
82,user82,16816,机械工程学院
83,user83,18870,外国语学院
84,user84,53751,物理学院
85,user85,36082,经济管理学院
86,user86,97508,人文学院
87,user87,37840,人文学院
88,user88,77217,人文学院
89,user89,56340,物理学院
90,user90,47011,人文学院
91,user91,59006,电子科学与工程学院
92,user92,40750,人文学院
93,user93,86236,人文学院
94,user94,60456,能源与环境学院
95,user95,71193,艺术学院
96,user96,89285,能源与环境学院
97,user97,7654,经济管理学院
98,user98,19921,信息科学与工程学院
99,user99,68448,电子科学与工程学院
100,user100,51568,电子科学与工程学院
101,user101,21706,信息科学与工程学院
102,user102,94958,经济管理学院
103,user103,40230,经济管理学院
104,user104,84038,能源与环境学院
105,user105,49934,电气工程学院
106,user106,40833,能源与环境学院
107,user107,94926,化学化工学院
108,user108,70641,人文学院
109,user109,72667,人文学院
110,user110,89981,土木工程学院
111,user111,63642,能源与环境学院
112,user112,85288,经济管理学院
113,user113,59724,经济管理学院
114,user114,72407,人文学院
115,user115,88085,人文学院
116,user116,84155,数学学院
117,user117,38466,外国语学院
118,user118,38744,外国语学院
119,user119,26404,电子科学与工程学院
120,user120,30050,电子科学与工程学院
121,user121,77445,计算机科学与工程学院
122,user122,39971,电子科学与工程学院
123,user123,88462,电子科学与工程学院
124,user124,70913,自动化学院
125,user125,72356,电气工程学院
126,user126,94461,化学化工学院
127,user127,35001,信息科学与工程学院
128,user128,91464,机械工程学院
129,user129,19814,土木工程学院
130,user130,51977,经济管理学院
131,user131,19430,经济管理学院
132,user132,86589,法学院
133,user133,96281,人文学院
134,user134,92094,人文学院
135,user135,17407,土木工程学院
136,user136,22557,艺术学院
137,user137,58617,人文学院
138,user138,13077,艺术学院
139,user139,47602,艺术学院
140,user140,21042,人文学院
141,user141,5499,人文学院
142,user142,95728,人文学院
143,user143,5607,外国语学院
144,user144,74653,机械工程学院
145,user145,5804,机械工程学院
146,user146,13778,能源与环境学院
147,user147,88520,信息科学与工程学院
148,user148,96140,土木工程学院
149,user149,6970,计算机科学与工程学院
150,user150,14836,电气工程学院
151,user151,49263,经济管理学院
152,user152,59946,经济管理学院
153,user153,46444,艺术学院
154,user154,48274,艺术学院
155,user155,21215,人文学院
156,user156,20762,人文学院
157,user157,67291,人文学院
158,user158,32202,机械工程学院
159,user159,97889,信息科学与工程学院
160,user160,33653,物理学院
161,user161,88993,艺术学院
162,user162,23967,艺术学院
163,user163,9603,人文学院
164,user164,2358,外国语学院
165,user165,25999,外国语学院
166,user166,1606,人文学院
167,user167,13141,物理学院
168,user168,59394,人文学院
169,user169,82473,电气工程学院
170,user170,81204,能源与环境学院
171,user171,33165,人文学院
172,user172,3168,人文学院
173,user173,88820,电子科学与工程学院
174,user174,9786,电气工程学院
175,user175,47009,电气工程学院
176,user176,51959,计算机科学与工程学院
177,user177,4935,物理学院
178,user178,64900,物理学院
179,user179,4540,土木工程学院
180,user180,75299,数学学院
181,user181,24023,机械工程学院
182,user182,71800,物理学院
183,user183,2894,经济管理学院
184,user184,57958,经济管理学院
185,user185,81212,经济管理学院
186,user186,9690,化学化工学院
187,user187,34984,人文学院
188,user188,69984,人文学院
189,user189,77326,信息科学与工程学院
190,user190,11429,电子科学与工程学院
191,user191,60930,电子科学与工程学院
192,user192,56061,物理学院
193,user193,64734,经济管理学院
194,user194,91489,数学学院
195,user195,62066,土木工程学院
196,user196,49250,能源与环境学院
197,user197,38043,机械工程学院
198,user198,38922,能源与环境学院
199,user199,13295,物理学院
200,user200,18026,物理学院
201,user201,65363,物理学院
202,user202,23766,人文学院
203,user203,34292,计算机科学与工程学院
204,user204,96438,物理学院
205,user205,23990,经济管理学院
206,user206,49250,物理学院
207,user207,68879,物理学院
208,user208,19583,经济管理学院
209,user209,73856,人文学院
210,user210,30441,外国语学院
211,user211,48756,电子科学与工程学院
212,user212,1812,电气工程学院
213,user213,44099,机械工程学院
214,user214,77394,经济管理学院
215,user215,86446,机械工程学院
216,user216,56617,机械工程学院
217,user217,3382,能源与环境学院
218,user218,56505,机械工程学院
219,user219,64302,土木工程学院
220,user220,82697,人文学院
221,user221,18282,电气工程学院
222,user222,61740,物理学院
223,user223,99031,人文学院
224,user224,3939,人文学院
225,user225,23536,土木工程学院
226,user226,93137,经济管理学院
227,user227,68936,自动化学院
228,user228,46238,物理学院
229,user229,53726,经济管理学院
230,user230,72269,机械工程学院
231,user231,90008,电气工程学院
232,user232,32888,土木工程学院
233,user233,36902,土木工程学院
234,user234,50210,外国语学院
235,user235,58111,外国语学院
236,user236,29555,土木工程学院
237,user237,59500,能源与环境学院
238,user238,21519,能源与环境学院
239,user239,22071,化学化工学院
240,user240,74771,人文学院
241,user241,59770,信息科学与工程学院
242,user242,63090,信息科学与工程学院
243,user243,13737,能源与环境学院
244,user244,30713,经济管理学院
245,user245,57191,信息科学与工程学院
246,user246,8188,经济管理学院
247,user247,40600,能源与环境学院
248,user248,60507,经济管理学院
249,user249,61293,电子科学与工程学院
250,user250,24032,物理学院
251,user251,39417,经济管理学院
252,user252,99611,机械工程学院
253,user253,22691,人文学院
254,user254,7159,人文学院
255,user255,6703,人文学院
256,user256,67175,信息科学与工程学院
257,user257,20296,电子科学与工程学院
258,user258,21576,物理学院
259,user259,68097,经济管理学院
260,user260,87917,机械工程学院
261,user261,90659,法学院
262,user262,53280,外国语学院
263,user263,33365,电子科学与工程学院
264,user264,2052,机械工程学院
265,user265,39140,人文学院
266,user266,30414,人文学院
267,user267,42540,能源与环境学院
268,user268,16923,自动化学院
269,user269,89245,艺术学院
270,user270,9904,人文学院
271,user271,48051,计算机科学与工程学院
272,user272,76277,艺术学院
273,user273,48422,人文学院
274,user274,97772,人文学院
275,user275,76542,信息科学与工程学院
276,user276,54693,能源与环境学院
277,user277,88026,能源与环境学院
278,user278,21875,能源与环境学院
279,user279,24552,人文学院
280,user280,3945,经济管理学院
281,user281,66141,经济管理学院
282,user282,26599,经济管理学院
283,user283,84327,人文学院
284,user284,8551,人文学院
285,user285,21137,数学学院
286,user286,23926,数学学院
287,user287,1351,土木工程学院
288,user288,97541,能源与环境学院
289,user289,27415,人文学院
290,user290,9952,经济管理学院
291,user291,73872,艺术学院
292,user292,38090,人文学院
293,user293,93332,信息科学与工程学院
294,user294,74670,电气工程学院
295,user295,45169,自动化学院
296,user296,76059,经济管理学院
297,user297,6795,信息科学与工程学院
298,user298,34865,外国语学院
299,user299,95871,人文学院
300,user300,5973,经济管理学院
301,user301,25812,人文学院
302,user302,72413,法学院
303,user303,98870,数学学院
304,user304,48060,电子科学与工程学院
305,user305,87834,电子科学与工程学院
306,user306,23187,数学学院
307,user307,89358,计算机科学与工程学院
308,user308,21014,信息科学与工程学院
309,user309,16786,化学化工学院
310,user310,40470,人文学院
311,user311,74608,人文学院
312,user312,93895,数学学院
313,user313,69996,数学学院
314,user314,87928,数学学院
315,user315,86017,信息科学与工程学院
316,user316,58612,信息科学与工程学院
317,user317,12115,信息科学与工程学院
318,user318,21336,计算机科学与工程学院
319,user319,18645,经济管理学院
320,user320,29801,人文学院
321,user321,92043,电子科学与工程学院
322,user322,88170,人文学院
323,user323,41285,经济管理学院
324,user324,89114,计算机科学与工程学院
325,user325,64685,信息科学与工程学院
326,user326,87123,人文学院
327,user327,11826,能源与环境学院
328,user328,50711,外国语学院
329,user329,80439,物理学院
330,user330,83035,人文学院
331,user331,71799,信息科学与工程学院
332,user332,22754,电子科学与工程学院
333,user333,43909,信息科学与工程学院
334,user334,94863,土木工程学院
335,user335,64762,物理学院
336,user336,33054,土木工程学院
337,user337,53507,经济管理学院
338,user338,99967,人文学院
339,user339,37649,人文学院
340,user340,48868,艺术学院
341,user341,54019,土木工程学院
342,user342,32718,经济管理学院
343,user343,84847,化学化工学院
344,user344,43804,信息科学与工程学院
345,user345,14363,艺术学院
346,user346,48203,法学院
347,user347,16485,人文学院
348,user348,4032,物理学院
349,user349,23067,能源与环境学院
350,user350,58436,信息科学与工程学院
351,user351,23734,电气工程学院
352,user352,40312,自动化学院
353,user353,26792,数学学院
354,user354,84743,自动化学院
355,user355,21260,人文学院
356,user356,32007,艺术学院
357,user357,83297,艺术学院
358,user358,1320,法学院
359,user359,46756,土木工程学院
360,user360,67500,自动化学院
361,user361,88618,信息科学与工程学院
362,user362,99735,信息科学与工程学院
363,user363,89135,人文学院
364,user364,36963,人文学院
365,user365,86947,人文学院
366,user366,59311,艺术学院
367,user367,5198,人文学院
368,user368,67997,能源与环境学院
369,user369,81620,数学学院
370,user370,55220,自动化学院
371,user371,82444,自动化学院
372,user372,27807,信息科学与工程学院
373,user373,5867,电气工程学院
374,user374,74242,自动化学院
375,user375,71353,能源与环境学院
376,user376,30895,机械工程学院
377,user377,16059,能源与环境学院
378,user378,53872,数学学院
379,user379,31068,数学学院
380,user380,92865,人文学院
381,user381,54014,能源与环境学院
382,user382,45644,机械工程学院
383,user383,53598,信息科学与工程学院
384,user384,63026,自动化学院
385,user385,85010,电气工程学院
386,user386,76727,土木工程学院
387,user387,51624,经济管理学院
388,user388,15383,能源与环境学院
389,user389,1540,土木工程学院
390,user390,93919,土木工程学院
391,user391,9679,经济管理学院
392,user392,95703,经济管理学院
393,user393,56813,化学化工学院
394,user394,54809,机械工程学院
395,user395,99644,人文学院
396,user396,2031,经济管理学院
397,user397,86489,自动化学院
398,user398,58836,信息科学与工程学院
399,user399,17208,土木工程学院
400,user400,20571,信息科学与工程学院
401,user401,6925,计算机科学与工程学院
402,user402,10701,能源与环境学院
403,user403,60655,土木工程学院
404,user404,12003,数学学院
405,user405,56482,电气工程学院
406,user406,87512,电气工程学院
407,user407,3196,数学学院
408,user408,25280,能源与环境学院
409,user409,25799,电子科学与工程学院
410,user410,33177,人文学院
411,user411,57123,法学院
412,user412,44981,人文学院
413,user413,34377,人文学院
414,user414,7892,人文学院
415,user415,18601,经济管理学院
416,user416,46593,机械工程学院
417,user417,65578,能源与环境学院
418,user418,33840,自动化学院
419,user419,9791,外国语学院
420,user420,60149,外国语学院
421,user421,36474,经济管理学院
422,user422,15964,经济管理学院
423,user423,98254,物理学院
424,user424,93888,能源与环境学院
425,user425,70029,经济管理学院
426,user426,9775,经济管理学院
427,user427,33462,机械工程学院
428,user428,33146,外国语学院
429,user429,76601,法学院
430,user430,71103,人文学院
431,user431,25405,法学院
432,user432,71290,人文学院
433,user433,76268,经济管理学院
434,user434,37513,数学学院
435,user435,75692,土木工程学院
436,user436,80664,人文学院
437,user437,72847,人文学院
438,user438,30581,人文学院
439,user439,23983,人文学院
440,user440,52163,艺术学院
441,user441,75668,艺术学院
442,user442,68882,艺术学院
443,user443,39594,艺术学院
444,user444,26306,艺术学院
445,user445,98754,艺术学院
446,user446,69119,艺术学院
447,user447,59803,艺术学院
448,user448,21661,化学化工学院
449,user449,90324,人文学院
450,user450,35048,法学院
451,user451,41707,人文学院
452,user452,52858,人文学院
453,user453,96414,人文学院
454,user454,91930,艺术学院
455,user455,2059,化学化工学院
456,user456,28832,艺术学院
457,user457,3934,人文学院
458,user458,80709,经济管理学院
459,user459,31673,机械工程学院
460,user460,24530,经济管理学院
461,user461,34151,法学院
462,user462,45837,经济管理学院
463,user463,68074,电子科学与工程学院
464,user464,75332,经济管理学院
465,user465,76772,物理学院
466,user466,29636,自动化学院
467,user467,49972,信息科学与工程学院
468,user468,7313,外国语学院
469,user469,20943,人文学院
470,user470,2084,经济管理学院
471,user471,96365,法学院
472,user472,29955,自动化学院
473,user473,93232,能源与环境学院
474,user474,28661,机械工程学院
475,user475,2536,数学学院
476,user476,14293,电子科学与工程学院
477,user477,52814,电子科学与工程学院
478,user478,29789,法学院
479,user479,45887,法学院
480,user480,86663,数学学院
481,user481,88604,电子科学与工程学院
482,user482,59399,法学院
483,user483,49294,人文学院
484,user484,35533,人文学院
485,user485,36131,人文学院
486,user486,10913,经济管理学院
487,user487,64344,法学院
488,user488,18126,人文学院
489,user489,61010,人文学院
490,user490,56568,人文学院
491,user491,44858,数学学院
492,user492,77800,人文学院
493,user493,9047,人文学院
494,user494,50557,电子科学与工程学院
495,user495,58071,人文学院
496,user496,70390,能源与环境学院
497,user497,52126,信息科学与工程学院
498,user498,68866,艺术学院
499,user499,11612,人文学院
500,user500,83122,经济管理学院
501,user501,64789,外国语学院
502,user502,37315,外国语学院
503,user503,51030,法学院
504,user504,80823,人文学院
505,user505,53268,土木工程学院
506,user506,69424,土木工程学院
507,user507,34029,数学学院
508,user508,21720,电子科学与工程学院
509,user509,7847,电子科学与工程学院
510,user510,10623,人文学院
511,user511,60283,人文学院
512,user512,1913,物理学院
513,user513,62253,物理学院
514,user514,57078,能源与环境学院
515,user515,92756,电子科学与工程学院
516,user516,30873,电子科学与工程学院
517,user517,66512,人文学院
518,user518,90342,机械工程学院
519,user519,95106,人文学院
520,user520,43566,电子科学与工程学院
521,user521,63416,能源与环境学院
522,user522,50419,机械工程学院
523,user523,26970,艺术学院
524,user524,52146,艺术学院
525,user525,89011,人文学院
526,user526,19702,人文学院
527,user527,79267,数学学院
528,user528,72603,自动化学院
529,user529,84069,土木工程学院
530,user530,80664,人文学院
531,user531,79108,自动化学院
532,user532,88420,人文学院
533,user533,35005,法学院
534,user534,68462,法学院
535,user535,67076,外国语学院
536,user536,43271,人文学院
537,user537,83079,化学化工学院
538,user538,87572,土木工程学院
539,user539,68699,数学学院
540,user540,66169,数学学院
541,user541,85473,数学学院
542,user542,57033,电子科学与工程学院
543,user543,35732,信息科学与工程学院
544,user544,80857,信息科学与工程学院
545,user545,70891,人文学院
546,user546,50439,经济管理学院
547,user547,54257,人文学院
548,user548,55189,人文学院
549,user549,43731,法学院
550,user550,15134,艺术学院
551,user551,5318,人文学院
552,user552,1744,电气工程学院
553,user553,66315,自动化学院
554,user554,90997,电子科学与工程学院
555,user555,43512,经济管理学院
556,user556,6507,能源与环境学院
557,user557,54570,土木工程学院
558,user558,46480,经济管理学院
559,user559,37920,电子科学与工程学院
560,user560,24630,人文学院
561,user561,30472,经济管理学院
562,user562,85149,人文学院
563,user563,23703,艺术学院
564,user564,57829,经济管理学院
565,user565,83296,经济管理学院
566,user566,63252,经济管理学院
567,user567,90174,经济管理学院
568,user568,3403,艺术学院
569,user569,77153,人文学院
570,user570,8945,能源与环境学院
571,user571,98025,电气工程学院
572,user572,87670,土木工程学院
573,user573,32746,电气工程学院
574,user574,82264,电子科学与工程学院
575,user575,56844,人文学院
576,user576,7863,能源与环境学院
577,user577,65806,电子科学与工程学院
578,user578,63530,经济管理学院
579,user579,98790,经济管理学院
580,user580,22654,电子科学与工程学院
581,user581,1490,人文学院
582,user582,26273,人文学院
583,user583,91548,信息科学与工程学院
584,user584,75670,能源与环境学院
585,user585,22488,电气工程学院
586,user586,9581,人文学院
587,user587,67495,人文学院
588,user588,27883,人文学院
589,user589,24095,数学学院
590,user590,2273,艺术学院
591,user591,31274,数学学院
592,user592,41575,自动化学院
593,user593,76210,人文学院
594,user594,71921,土木工程学院
595,user595,76089,能源与环境学院
596,user596,2411,机械工程学院
597,user597,81156,电子科学与工程学院
598,user598,71556,艺术学院
599,user599,56009,人文学院
600,user600,75040,能源与环境学院
601,user601,88542,电气工程学院
602,user602,18937,人文学院
603,user603,37023,艺术学院
604,user604,5451,人文学院
605,user605,94642,人文学院
606,user606,14846,人文学院
607,user607,76883,自动化学院
608,user608,78747,人文学院
609,user609,9179,艺术学院
610,user610,70437,电子科学与工程学院
611,user611,61677,电子科学与工程学院
612,user612,70784,数学学院
613,user613,97243,电气工程学院
614,user614,28421,自动化学院
615,user615,28740,自动化学院
616,user616,53134,能源与环境学院
617,user617,21729,电气工程学院
618,user618,24445,艺术学院
619,user619,93370,人文学院
620,user620,64626,人文学院
621,user621,26052,人文学院
622,user622,64166,电气工程学院
623,user623,64156,物理学院
624,user624,56762,电气工程学院
625,user625,22090,信息科学与工程学院
626,user626,42897,艺术学院
627,user627,55663,艺术学院
628,user628,22155,电气工程学院
629,user629,87445,人文学院
630,user630,64311,土木工程学院
631,user631,21622,信息科学与工程学院
632,user632,32059,物理学院
633,user633,32431,电子科学与工程学院
634,user634,14061,信息科学与工程学院
635,user635,36041,人文学院
636,user636,33846,计算机科学与工程学院
637,user637,49126,人文学院
638,user638,65809,经济管理学院
639,user639,4472,物理学院
640,user640,34738,数学学院
641,user641,17354,能源与环境学院
642,user642,96349,电子科学与工程学院
643,user643,70436,能源与环境学院
644,user644,43481,人文学院
645,user645,66574,人文学院
646,user646,20862,人文学院
647,user647,21057,土木工程学院
648,user648,98205,艺术学院
649,user649,17233,外国语学院
650,user650,35054,人文学院
651,user651,28359,电气工程学院
652,user652,9936,信息科学与工程学院
653,user653,7723,数学学院
654,user654,64372,法学院
655,user655,92116,自动化学院
656,user656,85281,计算机科学与工程学院
657,user657,40600,艺术学院
658,user658,99264,数学学院
659,user659,57305,计算机科学与工程学院
660,user660,70250,经济管理学院
661,user661,99386,人文学院
662,user662,2501,法学院
663,user663,94891,电子科学与工程学院
664,user664,32816,经济管理学院
665,user665,54177,电子科学与工程学院
666,user666,75513,经济管理学院
667,user667,62617,法学院
668,user668,90984,人文学院
669,user669,49451,物理学院
670,user670,51567,数学学院
671,user671,17116,自动化学院
672,user672,12250,人文学院
673,user673,65062,数学学院
674,user674,66501,数学学院
675,user675,26519,人文学院
676,user676,36327,人文学院
677,user677,71523,能源与环境学院
678,user678,14083,信息科学与工程学院
679,user679,99598,人文学院
680,user680,2445,法学院
681,user681,68452,人文学院
682,user682,79442,物理学院
683,user683,7340,计算机科学与工程学院
684,user684,9785,信息科学与工程学院
685,user685,13866,信息科学与工程学院
686,user686,8357,数学学院
687,user687,50530,能源与环境学院
688,user688,1080,经济管理学院
689,user689,60052,信息科学与工程学院
690,user690,67004,计算机科学与工程学院
691,user691,13420,信息科学与工程学院
692,user692,36886,电气工程学院
693,user693,63291,信息科学与工程学院
694,user694,45688,电子科学与工程学院
695,user695,11423,人文学院
696,user696,29136,数学学院
697,user697,11098,人文学院
698,user698,1805,电子科学与工程学院
699,user699,82328,电气工程学院
700,user700,45579,信息科学与工程学院
701,user701,38309,计算机科学与工程学院
702,user702,85811,法学院
703,user703,26337,经济管理学院
704,user704,31035,土木工程学院
705,user705,72348,自动化学院
706,user706,53662,能源与环境学院
707,user707,48505,计算机科学与工程学院
708,user708,20799,电子科学与工程学院
709,user709,91373,能源与环境学院
710,user710,18017,人文学院
711,user711,72499,土木工程学院
712,user712,75530,数学学院
713,user713,93699,电子科学与工程学院
714,user714,64496,机械工程学院
715,user715,84725,电气工程学院
716,user716,68952,自动化学院
717,user717,93591,能源与环境学院
718,user718,16929,外国语学院
719,user719,77545,数学学院
720,user720,73963,能源与环境学院
721,user721,61447,电子科学与工程学院
722,user722,1770,自动化学院
723,user723,58835,经济管理学院
724,user724,37062,电气工程学院
725,user725,78387,信息科学与工程学院
726,user726,93220,信息科学与工程学院
727,user727,99246,经济管理学院
728,user728,25132,信息科学与工程学院
729,user729,59877,人文学院
730,user730,30022,经济管理学院
731,user731,65686,人文学院
732,user732,8870,人文学院
733,user733,76760,人文学院
734,user734,13489,人文学院
735,user735,84505,数学学院
736,user736,15665,化学化工学院
737,user737,32738,外国语学院
738,user738,10153,人文学院
739,user739,6682,电子科学与工程学院
740,user740,46002,能源与环境学院
741,user741,56518,机械工程学院
742,user742,83562,机械工程学院
743,user743,85417,电子科学与工程学院
744,user744,3762,艺术学院
745,user745,88969,土木工程学院
746,user746,60521,土木工程学院
747,user747,7300,信息科学与工程学院
748,user748,66260,信息科学与工程学院
749,user749,94947,外国语学院
750,user750,41162,电子科学与工程学院
751,user751,88136,土木工程学院
752,user752,12482,能源与环境学院
753,user753,76529,人文学院
754,user754,79468,信息科学与工程学院
755,user755,10608,数学学院
756,user756,48894,人文学院
757,user757,10194,经济管理学院
758,user758,16163,人文学院
759,user759,79932,机械工程学院
760,user760,42830,机械工程学院
761,user761,53971,信息科学与工程学院
762,user762,92277,信息科学与工程学院
763,user763,9055,信息科学与工程学院
764,user764,77970,土木工程学院
765,user765,74003,土木工程学院
766,user766,39800,土木工程学院
767,user767,78703,土木工程学院
768,user768,89550,土木工程学院
769,user769,93487,电子科学与工程学院
770,user770,19907,数学学院
771,user771,73051,自动化学院
772,user772,16406,自动化学院
773,user773,65071,经济管理学院
774,user774,17910,经济管理学院
775,user775,34495,经济管理学院
776,user776,41696,经济管理学院
777,user777,81025,经济管理学院
778,user778,53961,经济管理学院
779,user779,46392,电气工程学院
780,user780,41636,电气工程学院
781,user781,44098,电气工程学院
782,user782,44948,电气工程学院
783,user783,96306,外国语学院
784,user784,57287,化学化工学院
785,user785,73177,法学院
786,user786,78631,法学院
787,user787,5752,法学院
788,user788,60267,人文学院
789,user789,55769,人文学院
790,user790,58217,艺术学院
791,user791,49280,艺术学院
792,user792,90120,艺术学院
793,user793,23701,艺术学院
794,user794,70361,艺术学院
795,user795,38229,艺术学院
796,user796,86419,艺术学院
797,user797,85696,艺术学院
798,user798,93001,艺术学院
799,user799,91464,艺术学院
800,user800,59087,艺术学院
801,user801,65236,艺术学院
802,user802,23732,艺术学院
803,user803,7583,艺术学院
804,user804,95563,艺术学院
805,user805,12794,机械工程学院
806,user806,1791,机械工程学院
807,user807,36407,机械工程学院
808,user808,43729,机械工程学院
809,user809,83785,机械工程学院
810,user810,84218,机械工程学院
811,user811,61060,机械工程学院
812,user812,32608,能源与环境学院
813,user813,21531,能源与环境学院
814,user814,61788,能源与环境学院
815,user815,57538,能源与环境学院
816,user816,97827,信息科学与工程学院
817,user817,64188,信息科学与工程学院
818,user818,12711,信息科学与工程学院
819,user819,27627,信息科学与工程学院
820,user820,72832,信息科学与工程学院
821,user821,92334,土木工程学院
822,user822,2822,土木工程学院
823,user823,68560,土木工程学院
824,user824,64178,土木工程学院
825,user825,88780,土木工程学院
826,user826,95202,土木工程学院
827,user827,13136,电子科学与工程学院
828,user828,39479,电子科学与工程学院
829,user829,76915,电子科学与工程学院
830,user830,70182,数学学院
831,user831,85407,数学学院
832,user832,36547,数学学院
833,user833,6242,数学学院
834,user834,40259,自动化学院
835,user835,87678,自动化学院
836,user836,82433,计算机科学与工程学院
837,user837,67917,计算机科学与工程学院
838,user838,98365,计算机科学与工程学院
839,user839,37045,物理学院
840,user840,37076,物理学院
841,user841,52832,物理学院
842,user842,1807,经济管理学院
843,user843,10322,经济管理学院
844,user844,97909,经济管理学院
845,user845,63798,经济管理学院
846,user846,53651,经济管理学院
847,user847,85835,经济管理学院
848,user848,35496,经济管理学院
849,user849,50890,经济管理学院
850,user850,47026,经济管理学院
851,user851,88499,电气工程学院
852,user852,33140,电气工程学院
853,user853,94511,电气工程学院
854,user854,88697,电气工程学院
855,user855,53387,化学化工学院
856,user856,24172,法学院
857,user857,33053,法学院
858,user858,94253,法学院
859,user859,85458,法学院
860,user860,68554,法学院
861,user861,99622,法学院
862,user862,33440,法学院
863,user863,78738,法学院
864,user864,81111,法学院
865,user865,68222,法学院
866,user866,53824,法学院
867,user867,34075,法学院
868,user868,2637,法学院
869,user869,76102,人文学院
870,user870,87261,人文学院
871,user871,59641,人文学院
872,user872,53063,人文学院
873,user873,44884,人文学院
874,user874,83044,人文学院
875,user875,75171,人文学院
876,user876,93580,人文学院
877,user877,39391,人文学院
878,user878,76251,人文学院
879,user879,27180,人文学院
880,user880,29876,艺术学院
881,user881,31150,艺术学院
882,user882,39759,艺术学院
883,user883,71113,艺术学院
884,user884,78234,艺术学院
885,user885,50027,艺术学院
886,user886,52346,艺术学院
887,user887,55349,艺术学院
888,user888,43372,艺术学院
889,user889,28784,机械工程学院
890,user890,6686,机械工程学院
891,user891,81610,机械工程学院
892,user892,28882,机械工程学院
893,user893,28303,机械工程学院
894,user894,97985,机械工程学院
895,user895,46209,能源与环境学院
896,user896,52981,能源与环境学院
897,user897,44680,能源与环境学院
898,user898,66690,能源与环境学院
899,user899,68501,能源与环境学院
900,user900,10085,信息科学与工程学院
901,user901,90843,土木工程学院
902,user902,6111,土木工程学院
903,user903,19655,土木工程学院
904,user904,54517,土木工程学院
905,user905,38367,土木工程学院
906,user906,17118,土木工程学院
907,user907,26056,土木工程学院
908,user908,80329,电子科学与工程学院
909,user909,96605,电子科学与工程学院
910,user910,70599,自动化学院
911,user911,27328,自动化学院
912,user912,47274,自动化学院
913,user913,64308,计算机科学与工程学院
914,user914,22710,经济管理学院
915,user915,40908,经济管理学院
916,user916,77279,经济管理学院
917,user917,50022,经济管理学院
918,user918,28931,经济管理学院
919,user919,34028,经济管理学院
920,user920,5452,经济管理学院
921,user921,20795,经济管理学院
922,user922,11818,经济管理学院
923,user923,43947,电气工程学院
924,user924,65122,电气工程学院
925,user925,91192,电气工程学院
926,user926,45813,电气工程学院
927,user927,23176,外国语学院
928,user928,67613,外国语学院
929,user929,70961,化学化工学院
930,user930,95279,化学化工学院
931,user931,88643,化学化工学院
932,user932,63282,法学院
933,user933,58667,法学院
934,user934,88065,法学院
935,user935,18097,法学院
936,user936,18794,法学院
937,user937,28831,法学院
938,user938,52401,法学院
939,user939,3003,法学院
940,user940,6516,人文学院
941,user941,57704,人文学院
942,user942,1735,人文学院
943,user943,96256,人文学院
944,user944,66760,人文学院
945,user945,14784,人文学院
946,user946,37960,人文学院
947,user947,14294,人文学院
948,user948,23448,人文学院
949,user949,53044,人文学院
950,user950,84257,人文学院
951,user951,60570,人文学院
952,user952,51759,艺术学院
953,user953,95159,艺术学院
954,user954,98393,艺术学院
955,user955,70582,艺术学院
956,user956,77932,艺术学院
957,user957,44978,艺术学院
958,user958,10153,艺术学院
959,user959,66930,艺术学院
960,user960,22805,艺术学院
961,user961,19713,艺术学院
962,user962,78477,艺术学院
963,user963,13500,艺术学院
964,user964,87326,艺术学院
965,user965,45778,艺术学院
966,user966,96857,艺术学院
967,user967,28107,机械工程学院
968,user968,79126,机械工程学院
969,user969,39019,机械工程学院
970,user970,22005,机械工程学院
971,user971,73210,能源与环境学院
972,user972,36392,能源与环境学院
973,user973,5247,能源与环境学院
974,user974,38795,信息科学与工程学院
975,user975,99112,信息科学与工程学院
976,user976,6082,信息科学与工程学院
977,user977,57775,信息科学与工程学院
978,user978,73512,信息科学与工程学院
979,user979,80926,信息科学与工程学院
980,user980,60117,土木工程学院
981,user981,71081,土木工程学院
982,user982,44896,土木工程学院
983,user983,67146,数学学院
984,user984,40064,自动化学院
985,user985,43583,自动化学院
986,user986,95354,计算机科学与工程学院
987,user987,79342,计算机科学与工程学院
988,user988,16045,物理学院
989,user989,32564,经济管理学院
990,user990,21814,经济管理学院
991,user991,22369,经济管理学院
992,user992,66011,经济管理学院
993,user993,44200,经济管理学院
994,user994,39239,经济管理学院
995,user995,1716,经济管理学院
996,user996,7645,经济管理学院
997,user997,92051,电气工程学院
998,user998,92107,电气工程学院
999,user999,33234,电气工程学院
1000,user1000,74579,外国语学院
1001,user1001,32437,外国语学院
1002,user1002,23377,外国语学院
1003,user1003,57046,化学化工学院
1004,user1004,99529,化学化工学院
1005,user1005,13932,法学院
1006,user1006,4486,法学院
1007,user1007,77270,法学院
1008,user1008,86451,法学院
1009,user1009,24266,人文学院
1010,user1010,33517,人文学院
1011,user1011,6607,人文学院
1012,user1012,24162,人文学院
1013,user1013,15051,人文学院
1014,user1014,2994,人文学院
1015,user1015,13021,艺术学院
1016,user1016,22887,艺术学院
1017,user1017,91966,艺术学院
1018,user1018,19228,艺术学院
1019,user1019,62106,艺术学院
1020,user1020,68312,机械工程学院
1021,user1021,43649,机械工程学院
1022,user1022,36299,机械工程学院
1023,user1023,42972,机械工程学院
1024,user1024,86405,机械工程学院
1025,user1025,98884,机械工程学院
1026,user1026,62429,机械工程学院
1027,user1027,85007,机械工程学院
1028,user1028,24106,机械工程学院
1029,user1029,22716,机械工程学院
1030,user1030,55672,能源与环境学院
1031,user1031,14063,能源与环境学院
1032,user1032,71648,能源与环境学院
1033,user1033,57313,能源与环境学院
1034,user1034,39323,能源与环境学院
1035,user1035,28982,能源与环境学院
1036,user1036,7177,能源与环境学院
1037,user1037,88343,能源与环境学院
1038,user1038,81023,信息科学与工程学院
1039,user1039,75856,信息科学与工程学院
1040,user1040,66817,信息科学与工程学院
1041,user1041,32338,信息科学与工程学院
1042,user1042,70703,信息科学与工程学院
1043,user1043,48542,信息科学与工程学院
1044,user1044,87413,信息科学与工程学院
1045,user1045,77934,信息科学与工程学院
1046,user1046,84475,信息科学与工程学院
1047,user1047,55638,信息科学与工程学院
1048,user1048,34949,信息科学与工程学院
1049,user1049,69721,信息科学与工程学院
1050,user1050,55606,信息科学与工程学院
1051,user1051,16192,土木工程学院
1052,user1052,59394,土木工程学院
1053,user1053,38497,土木工程学院
1054,user1054,73953,土木工程学院
1055,user1055,90367,土木工程学院
1056,user1056,76903,土木工程学院
1057,user1057,23792,土木工程学院
1058,user1058,35632,土木工程学院
1059,user1059,18038,土木工程学院
1060,user1060,81560,土木工程学院
1061,user1061,18101,土木工程学院
1062,user1062,9484,土木工程学院
1063,user1063,80904,土木工程学院
1064,user1064,27197,土木工程学院
1065,user1065,13065,土木工程学院
1066,user1066,25697,土木工程学院
1067,user1067,2548,土木工程学院
1068,user1068,28208,电子科学与工程学院
1069,user1069,77674,电子科学与工程学院
1070,user1070,56279,电子科学与工程学院
1071,user1071,29567,电子科学与工程学院
1072,user1072,13597,数学学院
1073,user1073,81374,数学学院
1074,user1074,99393,自动化学院
1075,user1075,3972,计算机科学与工程学院
1076,user1076,36364,计算机科学与工程学院
1077,user1077,60010,计算机科学与工程学院
1078,user1078,5897,计算机科学与工程学院
1079,user1079,1988,物理学院
1080,user1080,42861,经济管理学院
1081,user1081,99369,经济管理学院
1082,user1082,25939,经济管理学院
1083,user1083,91809,经济管理学院
1084,user1084,66050,经济管理学院
1085,user1085,43994,经济管理学院
1086,user1086,71889,经济管理学院
1087,user1087,41745,经济管理学院
1088,user1088,50350,经济管理学院
1089,user1089,51890,经济管理学院
1090,user1090,11868,经济管理学院
1091,user1091,95760,电气工程学院
1092,user1092,29119,电气工程学院
1093,user1093,32045,外国语学院
1094,user1094,14222,外国语学院
1095,user1095,70106,外国语学院
1096,user1096,98659,外国语学院
1097,user1097,29034,外国语学院
1098,user1098,80655,化学化工学院
1099,user1099,8230,化学化工学院
1100,user1100,43095,化学化工学院
1101,user1101,57974,化学化工学院
1102,user1102,10189,化学化工学院
1103,user1103,33383,化学化工学院
1104,user1104,88091,化学化工学院
1105,user1105,76962,化学化工学院
1106,user1106,51623,化学化工学院
1107,user1107,98086,法学院
1108,user1108,91992,法学院
1109,user1109,27330,法学院
1110,user1110,37764,法学院
1111,user1111,71536,法学院
1112,user1112,51235,法学院
1113,user1113,11820,法学院
1114,user1114,55090,人文学院
1115,user1115,25167,人文学院
1116,user1116,49213,人文学院
1117,user1117,42047,人文学院
1118,user1118,24553,人文学院
1119,user1119,36805,人文学院
1120,user1120,77483,人文学院
1121,user1121,12694,人文学院
1122,user1122,2682,艺术学院
1123,user1123,88789,艺术学院
1124,user1124,19217,艺术学院
1125,user1125,91973,计算机科学与工程学院
1126,user1126,25284,机械工程学院
1127,user1127,7551,机械工程学院
1128,user1128,22803,机械工程学院
1129,user1129,95016,机械工程学院
1130,user1130,72986,机械工程学院
1131,user1131,18313,机械工程学院
1132,user1132,56448,机械工程学院
1133,user1133,32915,机械工程学院
1134,user1134,83949,机械工程学院
1135,user1135,67624,机械工程学院
1136,user1136,9370,能源与环境学院
1137,user1137,45006,能源与环境学院
1138,user1138,84035,能源与环境学院
1139,user1139,84247,能源与环境学院
1140,user1140,91134,能源与环境学院
1141,user1141,35887,能源与环境学院
1142,user1142,76034,能源与环境学院
1143,user1143,52628,能源与环境学院
1144,user1144,4170,能源与环境学院
1145,user1145,2477,能源与环境学院
1146,user1146,65972,能源与环境学院
1147,user1147,66543,能源与环境学院
1148,user1148,7469,信息科学与工程学院
1149,user1149,34879,信息科学与工程学院
1150,user1150,67948,信息科学与工程学院
1151,user1151,1846,信息科学与工程学院
1152,user1152,19836,信息科学与工程学院
1153,user1153,36825,信息科学与工程学院
1154,user1154,63415,信息科学与工程学院
1155,user1155,8505,信息科学与工程学院
1156,user1156,78339,信息科学与工程学院
1157,user1157,99881,土木工程学院
1158,user1158,82385,土木工程学院
1159,user1159,94775,土木工程学院
1160,user1160,48476,土木工程学院
1161,user1161,95821,土木工程学院
1162,user1162,2116,土木工程学院
1163,user1163,35271,土木工程学院
1164,user1164,29320,土木工程学院
1165,user1165,14889,土木工程学院
1166,user1166,82095,土木工程学院
1167,user1167,25340,土木工程学院
1168,user1168,46008,土木工程学院
1169,user1169,23979,土木工程学院
1170,user1170,62648,电子科学与工程学院
1171,user1171,63716,电子科学与工程学院
1172,user1172,65481,电子科学与工程学院
1173,user1173,67884,电子科学与工程学院
1174,user1174,21463,数学学院
1175,user1175,2006,数学学院
1176,user1176,85692,数学学院
1177,user1177,11483,数学学院
1178,user1178,49043,自动化学院
1179,user1179,48242,计算机科学与工程学院
1180,user1180,66813,计算机科学与工程学院
1181,user1181,90607,计算机科学与工程学院
1182,user1182,50881,计算机科学与工程学院
1183,user1183,47393,物理学院
1184,user1184,66278,经济管理学院
1185,user1185,81454,经济管理学院
1186,user1186,80380,经济管理学院
1187,user1187,17348,经济管理学院
1188,user1188,57488,经济管理学院
1189,user1189,18404,经济管理学院
1190,user1190,30542,经济管理学院
1191,user1191,40400,电气工程学院
1192,user1192,96292,电气工程学院
1193,user1193,29799,电气工程学院
1194,user1194,55254,电气工程学院
1195,user1195,56904,电气工程学院
1196,user1196,97027,电气工程学院
1197,user1197,8193,外国语学院
1198,user1198,98988,化学化工学院
1199,user1199,57673,法学院
1200,user1200,38056,法学院
1201,user1201,32838,法学院
1202,user1202,36981,法学院
1203,user1203,47874,法学院
1204,user1204,18153,法学院
1205,user1205,77407,法学院
1206,user1206,76610,法学院
1207,user1207,92103,法学院
1208,user1208,77270,法学院
1209,user1209,21341,法学院
1210,user1210,60388,法学院
1211,user1211,57303,人文学院
1212,user1212,92429,人文学院
1213,user1213,45629,人文学院
1214,user1214,97900,艺术学院
1215,user1215,62760,艺术学院
1216,user1216,87159,艺术学院
1217,user1217,15094,艺术学院
1218,user1218,64752,艺术学院
1219,user1219,26034,艺术学院
1220,user1220,8486,艺术学院
1221,user1221,63435,艺术学院
1222,user1222,49780,艺术学院
1223,user1223,56825,艺术学院
1224,user1224,61881,艺术学院
1225,user1225,21934,艺术学院
1226,user1226,87199,艺术学院
1227,user1227,50380,艺术学院
1228,user1228,71315,艺术学院
1229,user1229,1646,艺术学院
1230,user1230,24652,艺术学院
1231,user1231,16918,艺术学院
1232,user1232,65679,艺术学院
1233,user1233,78503,能源与环境学院
1234,user1234,35387,能源与环境学院
1235,user1235,12222,信息科学与工程学院
1236,user1236,91605,信息科学与工程学院
1237,user1237,72167,信息科学与工程学院
1238,user1238,7698,信息科学与工程学院
1239,user1239,12443,土木工程学院
1240,user1240,4857,土木工程学院
1241,user1241,40768,数学学院
1242,user1242,70617,自动化学院
1243,user1243,94916,计算机科学与工程学院
1244,user1244,58858,经济管理学院
1245,user1245,41148,经济管理学院
1246,user1246,86645,外国语学院
1247,user1247,51992,外国语学院
1248,user1248,28378,化学化工学院
1249,user1249,80814,化学化工学院
1250,user1250,90447,法学院
1251,user1251,5746,法学院
1252,user1252,15747,人文学院
1253,user1253,83110,人文学院
1254,user1254,31592,人文学院
1255,user1255,20986,人文学院
1256,user1256,71922,人文学院
1257,user1257,86943,艺术学院
1258,user1258,86152,艺术学院
1259,user1259,13534,艺术学院
1260,user1260,80245,艺术学院
1261,user1261,63431,艺术学院
1262,user1262,77896,机械工程学院
1263,user1263,59237,能源与环境学院
1264,user1264,30007,电子科学与工程学院
1265,user1265,80209,经济管理学院
1266,user1266,98828,经济管理学院
1267,user1267,97610,人文学院
1268,user1268,1903,人文学院
1269,user1269,61574,艺术学院
1270,user1270,64872,机械工程学院
1271,user1271,55242,能源与环境学院
1272,user1272,18807,土木工程学院
1273,user1273,31182,化学化工学院
1274,user1274,3649,法学院
1275,user1275,51733,法学院
1276,user1276,14228,能源与环境学院
1277,user1277,69479,机械工程学院
1278,user1278,34071,土木工程学院
1279,user1279,75640,土木工程学院
1280,user1280,87500,电气工程学院
1281,user1281,72975,法学院
1282,user1282,26466,人文学院
1283,user1283,95882,人文学院
1284,user1284,59989,艺术学院
1285,user1285,42004,艺术学院
1286,user1286,51914,艺术学院
1287,user1287,25783,信息科学与工程学院
1288,user1288,62803,信息科学与工程学院
1289,user1289,26605,土木工程学院
1290,user1290,50022,土木工程学院
1291,user1291,86180,土木工程学院
1292,user1292,99971,土木工程学院
1293,user1293,31321,电子科学与工程学院
1294,user1294,55344,电子科学与工程学院
1295,user1295,12623,自动化学院
1296,user1296,96914,计算机科学与工程学院
1297,user1297,13183,物理学院
1298,user1298,70280,经济管理学院
1299,user1299,31773,法学院
1300,user1300,30637,法学院
1301,user1301,54144,法学院
1302,user1302,24816,人文学院
1303,user1303,19867,能源与环境学院
1304,user1304,66380,计算机科学与工程学院
1305,user1305,24938,电气工程学院
1306,user1306,22869,法学院
1307,user1307,70220,人文学院
1308,user1308,12374,艺术学院
1309,user1309,56482,艺术学院
1310,user1310,21743,能源与环境学院
1311,user1311,35552,计算机科学与工程学院
1312,user1312,59203,能源与环境学院
1313,user1313,61843,信息科学与工程学院
1314,user1314,89856,土木工程学院
1315,user1315,27452,土木工程学院
1316,user1316,15826,土木工程学院
1317,user1317,73080,数学学院
1318,user1318,7557,电气工程学院
1319,user1319,24370,人文学院
1320,user1320,92779,艺术学院
1321,user1321,6224,艺术学院
1322,user1322,17470,机械工程学院
1323,user1323,23783,机械工程学院
1324,user1324,94387,土木工程学院
1325,user1325,12069,土木工程学院
1326,user1326,95750,土木工程学院
1327,user1327,38606,人文学院
1328,user1328,73928,人文学院
1329,user1329,65933,艺术学院
1330,user1330,63068,经济管理学院
1331,user1331,11353,法学院
1332,user1332,49640,法学院
1333,user1333,90144,艺术学院
1334,user1334,66250,机械工程学院
1335,user1335,3730,信息科学与工程学院
1336,user1336,46007,经济管理学院
1337,user1337,79561,电气工程学院
1338,user1338,31532,机械工程学院
1339,user1339,52602,能源与环境学院
1340,user1340,51268,土木工程学院
1341,user1341,13272,自动化学院
1342,user1342,32005,计算机科学与工程学院
1343,user1343,43764,经济管理学院
1344,user1344,70113,法学院
1345,user1345,6467,艺术学院
1346,user1346,72412,能源与环境学院
1347,user1347,5386,法学院
1348,user1348,73014,机械工程学院
1349,user1349,57556,机械工程学院
1350,user1350,88577,机械工程学院
1351,user1351,55911,机械工程学院
1352,user1352,13805,机械工程学院
1353,user1353,64687,机械工程学院
1354,user1354,37645,能源与环境学院
1355,user1355,82306,信息科学与工程学院
1356,user1356,99309,土木工程学院
1357,user1357,20175,土木工程学院
1358,user1358,55448,土木工程学院
1359,user1359,20733,土木工程学院
1360,user1360,22616,土木工程学院
1361,user1361,34459,土木工程学院
1362,user1362,78966,数学学院
1363,user1363,31755,数学学院
1364,user1364,47830,物理学院
1365,user1365,32453,经济管理学院
1366,user1366,25582,经济管理学院
1367,user1367,39060,经济管理学院
1368,user1368,84693,经济管理学院
1369,user1369,94348,经济管理学院
1370,user1370,87662,电气工程学院
1371,user1371,63525,电气工程学院
1372,user1372,62011,外国语学院
1373,user1373,88072,外国语学院
1374,user1374,5865,外国语学院
1375,user1375,98815,外国语学院
1376,user1376,39044,法学院
1377,user1377,18141,法学院
1378,user1378,91546,法学院
1379,user1379,16951,法学院
1380,user1380,87193,法学院
1381,user1381,89081,人文学院
1382,user1382,20133,机械工程学院
1383,user1383,82126,机械工程学院
1384,user1384,39630,信息科学与工程学院
1385,user1385,96965,土木工程学院
1386,user1386,37283,数学学院
1387,user1387,89009,电气工程学院
1388,user1388,85424,机械工程学院
1389,user1389,85618,机械工程学院
1390,user1390,73807,能源与环境学院
1391,user1391,24097,信息科学与工程学院
1392,user1392,74625,信息科学与工程学院
1393,user1393,52097,信息科学与工程学院
1394,user1394,94170,土木工程学院
1395,user1395,43294,土木工程学院
1396,user1396,10286,土木工程学院
1397,user1397,22659,土木工程学院
1398,user1398,87936,数学学院
1399,user1399,4232,计算机科学与工程学院
1400,user1400,94563,经济管理学院
1401,user1401,97341,经济管理学院
1402,user1402,78672,经济管理学院
1403,user1403,73717,经济管理学院
1404,user1404,57095,经济管理学院
1405,user1405,85736,经济管理学院
1406,user1406,44836,电气工程学院
1407,user1407,89641,电气工程学院
1408,user1408,16739,外国语学院
1409,user1409,60616,化学化工学院
1410,user1410,40900,化学化工学院
1411,user1411,78059,法学院
1412,user1412,56311,法学院
1413,user1413,41767,法学院
1414,user1414,23287,法学院
1415,user1415,19236,法学院
1416,user1416,47879,人文学院
1417,user1417,3749,人文学院
1418,user1418,4102,艺术学院
1419,user1419,79270,艺术学院
1420,user1420,14074,艺术学院
1421,user1421,95993,机械工程学院
1422,user1422,13252,信息科学与工程学院
1423,user1423,72721,信息科学与工程学院
1424,user1424,39686,信息科学与工程学院
1425,user1425,47186,自动化学院
1426,user1426,19760,法学院
1427,user1427,16273,机械工程学院
1428,user1428,76127,能源与环境学院
1429,user1429,60654,能源与环境学院
1430,user1430,22873,信息科学与工程学院
1431,user1431,96032,信息科学与工程学院
1432,user1432,21754,土木工程学院
1433,user1433,79117,土木工程学院
1434,user1434,92751,土木工程学院
1435,user1435,57146,电子科学与工程学院
1436,user1436,74431,电子科学与工程学院
1437,user1437,60555,化学化工学院
1438,user1438,19622,化学化工学院
1439,user1439,91124,化学化工学院
1440,user1440,86631,人文学院
1441,user1441,88936,人文学院
1442,user1442,85932,人文学院
1443,user1443,31369,艺术学院
1444,user1444,99090,土木工程学院
1445,user1445,79036,土木工程学院
1446,user1446,15965,土木工程学院
1447,user1447,91197,外国语学院
1448,user1448,88605,法学院
1449,user1449,70211,艺术学院
1450,user1450,9672,机械工程学院
1451,user1451,96460,人文学院
1111111,11,1,1
111111,2,-858993460,
55555,25,-858993460,
22222222,2,-858993460,
91991,1,-858993460,
1555,1,-858993460,1
54643,2,-858993460,
